Simulation Time,Velocity (km/h),Distance to Stop Sign (m)
15.300550668,88.5162345886231,31.6717853546143
15.650550674,83.6130020141602,24.0980987548828
16.000550679,73.6050201416016,19.7948665618897
16.400550685,62.8577751159668,13.856406211853
16.800550691,53.5113658905029,9.23760414123535
17.200550697,45.4772769927979,5.74358797073364
